{
	"name": "simplemobilev11",
	"title": "Simple-Mobile-V11",
	"description": "Adds mobile support",
	"version": "0.2.6",
	"author": "JustAnotherIdea",
	"esmodules": ["mobile.js"],
	"styles": ["mobile.css"],
	 "socket": true,
    "url": "https://github.com/JustAnotherIdea/simplemobileV11/blob/master",
    "manifest": "https://raw.githubusercontent.com/JustAnotherIdea/simplemobileV11/master/module.json",
    "download": "https://github.com/JustAnotherIdea/simplemobileV11/raw/master/simplemobile.zip",
	"minimumCoreVersion": "0.8.9",
	"compatibleCoreVersion": "11.315"
}
